Category,Allocation %,Total Tokens,Vesting
Founders (Troy Cronin),18,"180,000,000","5% TGE, 1yr cliff, 4yr vest"
Core Team & Advisors,7,"70,000,000","6 mo cliff, 3yr vest"
Early Backers / Private Round,15,"150,000,000","10% TGE, 1yr vest"
Public Sale (Launchpads),10,"100,000,000","25% TGE, rest monthly"
Community Airdrops,5,"50,000,000",Unlocked
Capsule Yield Rewards,20,"200,000,000",Emission over 5 years
"DAO Treasury (Grants, Bounties)",15,"150,000,000",DAO-controlled
Protocol Liquidity & Exchanges,10,"100,000,000","10% unlocked, rest over 1yr"
